Name,Slug,Collection ID,Locale ID,Item ID,Archived,Draft,Created On,Updated On,Published On,feature,highlight,Werk,Order,Video,Details,Beschreibung,Datum,masse,technik,Ohne Titel
Abends bei Piacenza um 6,abends-bei-piacenza-um-6,696e3e261a55566a62dc5508,696e3e2685bc773db82e3fc9,6972641cf4311c73209a0bbc,false,false,Thu Jan 22 2026 17:53:32 GMT+0000 (Coordinated Universal Time),Thu Feb 05 2026 21:52:51 GMT+0000 (Coordinated Universal Time),Mon Feb 09 2026 15:07:10 GMT+0000 (Coordinated Universal Time),false,false,https://cdn.prod.website-files.com/696e3e2685bc773db82e3fca/6972641bf4311c73209a0bb8_11-Abends-bei-Piacenza-um-6-I-Pigmente-Acryl-Ol-auf-Leinwand-I-100-x120-I-2007-1-scaled.jpeg,61,,,,Sun Dec 31 2006 23:00:00 GMT+0000 (Coordinated Universal Time),100x120 cm,"Pigmente, Acryl, Öl auf Leinwand",false
Affinität,affinitat,696e3e261a55566a62dc5508,696e3e2685bc773db82e3fc9,6972638bad3db59708fe979b,false,false,Thu Jan 22 2026 17:51:07 GMT+0000 (Coordinated Universal Time),Thu Feb 05 2026 21:52:52 GMT+0000 (Coordinated Universal Time),Mon Feb 09 2026 15:07:10 GMT+0000 (Coordinated Universal Time),false,false,https://cdn.prod.website-files.com/696e3e2685bc773db82e3fca/69726347adba29a83e587f60_03-AffinitatIOlPigmente-Acryl-auf-leinwand-I150x180I2023.tif-scaled.jpeg,67,,,,Sat Dec 31 2022 23:00:00 GMT+0000 (Coordinated Universal Time),150x180 cm,"Öl, Pigmente, Acryl auf Leinwand",false
Affinität 2,affinitat-2,696e3e261a55566a62dc5508,696e3e2685bc773db82e3fc9,6972638d0922c05009df3061,false,true,Thu Jan 22 2026 17:51:09 GMT+0000 (Coordinated Universal Time),Sun Feb 15 2026 20:00:04 GMT+0000 (Coordinated Universal Time),,false,false,https://cdn.prod.website-files.com/696e3e2685bc773db82e3fca/6972634992a2a70c641b6017_04-Affinitat2IOlAcryl-auf-LeinwandI20-x140-I-2024-scaled.jpeg,27,,,,Sun Dec 31 2023 23:00:00 GMT+0000 (Coordinated Universal Time),120x140 cm,"Öl, Acryl auf Leinwand",false
Am Start,am-start,696e3e261a55566a62dc5508,696e3e2685bc773db82e3fc9,6972642c688fdd03218189ac,false,false,Thu Jan 22 2026 17:53:48 GMT+0000 (Coordinated Universal Time),Thu Feb 05 2026 21:52:51 GMT+0000 (Coordinated Universal Time),Mon Feb 09 2026 15:07:10 GMT+0000 (Coordinated Universal Time),false,true,https://cdn.prod.website-files.com/696e3e2685bc773db82e3fca/6972642b688fdd0321818889_18-m-Start-I-Pigmente-Acryl-auf-Leinwand-I-120-x140-I-2008-1-scaled.jpeg,59,,,,Mon Dec 31 2007 23:00:00 GMT+0000 (Coordinated Universal Time),120x140 cm,"Pigmente, Acryl auf Leinwand",false
Aufbruch,aufbruch,696e3e261a55566a62dc5508,696e3e2685bc773db82e3fc9,697263cb4fefe155a44cdb0b,false,true,Thu Jan 22 2026 17:52:11 GMT+0000 (Coordinated Universal Time),Sun Feb 15 2026 20:01:14 GMT+0000 (Coordinated Universal Time),,false,false,https://cdn.prod.website-files.com/696e3e2685bc773db82e3fca/697263cb4fefe155a44cdb07_01-Aufbruch-I-AcrylOl-auf-Leinwand-I-140x160-I-2018-scaled.jpeg,1,,,,Sun Dec 31 2017 23:00:00 GMT+0000 (Coordinated Universal Time),140x160 cm,"Acryl, Öl auf Leinwand",false
Auftakt,auftakt,696e3e261a55566a62dc5508,696e3e2685bc773db82e3fc9,6972642f8b44ec4a5c6a3d02,false,false,Thu Jan 22 2026 17:53:51 GMT+0000 (Coordinated Universal Time),Thu Feb 05 2026 21:52:51 GMT+0000 (Coordinated Universal Time),Mon Feb 09 2026 15:07:10 GMT+0000 (Coordinated Universal Time),false,false,https://cdn.prod.website-files.com/696e3e2685bc773db82e3fca/6972642e8b44ec4a5c6a3cfe_19-Auftakt-I-AcrylOl-auf-Leinwand-I-80-x-60-I-2010-1-scaled.jpeg,79,,,,Thu Dec 31 2009 23:00:00 GMT+0000 (Coordinated Universal Time),80x60 cm,"Acryl, Öl auf Leinwand",false
Aus dem Vergehen erwacht I,aus-dem-vergehen-erwacht-i,696e3e261a55566a62dc5508,696e3e2685bc773db82e3fc9,697628eb89685d581493ea2d,false,false,Sun Jan 25 2026 14:30:03 GMT+0000 (Coordinated Universal Time),Thu Feb 05 2026 21:52:51 GMT+0000 (Coordinated Universal Time),Mon Feb 09 2026 15:07:10 GMT+0000 (Coordinated Universal Time),false,false,https://cdn.prod.website-files.com/696e3e2685bc773db82e3fca/697628c694243ffc364ef683_brand.jpg,9,,,,,160×140cm,"Pigmente, Öl, Acryl auf Leinwand",false
Aus dem Vergehen erwachtI,aus-dem-vergehen-erwacht,696e3e261a55566a62dc5508,696e3e2685bc773db82e3fc9,6992274e1e4f14dfc6861751,false,false,Sun Feb 15 2026 20:06:38 GMT+0000 (Coordinated Universal Time),Sun Feb 15 2026 20:07:01 GMT+0000 (Coordinated Universal Time),Sun Feb 15 2026 20:11:40 GMT+0000 (Coordinated Universal Time),false,false,https://cdn.prod.website-files.com/696e3e2685bc773db82e3fca/69922752fb5e6c8ade8c6ef3_01-aus%20dem%20Vergehen%20erwachtI%20O%CC%88l%2C%20Pigmente%2C%20Acryl%20auf%20leinwand%20I%20160x140%20i%202024.jpg,,,,,Mon Jan 01 2024 00:00:00 GMT+0000 (Coordinated Universal Time),160x140,"Öl, Pigmente, Acryl auf Leinwand ",false
Austausch,austausch,696e3e261a55566a62dc5508,696e3e2685bc773db82e3fc9,6972641922a39f909cb41d80,false,false,Thu Jan 22 2026 17:53:29 GMT+0000 (Coordinated Universal Time),Thu Feb 05 2026 21:52:51 GMT+0000 (Coordinated Universal Time),Mon Feb 09 2026 15:07:10 GMT+0000 (Coordinated Universal Time),false,false,https://cdn.prod.website-files.com/696e3e2685bc773db82e3fca/6972641922a39f909cb41d67_10-austausch-I-Ol-Tempera-Pigmente-I-100-x120-I-2007-1-scaled-1.jpeg,56,,,,Sun Dec 31 2006 23:00:00 GMT+0000 (Coordinated Universal Time),100x120 cm,"Öl, Tempera, Pigmente",false
Back to the knowledge,back-to-the-knowledge,696e3e261a55566a62dc5508,696e3e2685bc773db82e3fc9,697624b8aae58ca85c30afd8,false,false,Sun Jan 25 2026 14:12:08 GMT+0000 (Coordinated Universal Time),Thu Feb 05 2026 21:52:51 GMT+0000 (Coordinated Universal Time),Mon Feb 09 2026 15:07:10 GMT+0000 (Coordinated Universal Time),false,false,https://cdn.prod.website-files.com/696e3e2685bc773db82e3fca/6976249781c37225e0ea59a1_pm25-m%209-web.jpg,15,,,,Sat Feb 01 2025 00:00:00 GMT+0000 (Coordinated Universal Time),,,true
Begegnung Meer,begegnung-meer,696e3e261a55566a62dc5508,696e3e2685bc773db82e3fc9,697263b5688fdd0321813c99,false,false,Thu Jan 22 2026 17:51:49 GMT+0000 (Coordinated Universal Time),Thu Feb 05 2026 21:52:51 GMT+0000 (Coordinated Universal Time),Mon Feb 09 2026 15:07:10 GMT+0000 (Coordinated Universal Time),false,false,https://cdn.prod.website-files.com/696e3e2685bc773db82e3fca/697263b5688fdd0321813c72_03-Begegnung-MeerIMischtechnikI100x100I2022-scaled.jpeg,71,,,,Fri Dec 31 2021 23:00:00 GMT+0000 (Coordinated Universal Time),100x100 cm,Mischtechnik,false
Beginn des Vergehens,beginn-des-vergehens,696e3e261a55566a62dc5508,696e3e2685bc773db82e3fc9,6975ee0407d66b8d5d20ea79,false,false,Sun Jan 25 2026 10:18:44 GMT+0000 (Coordinated Universal Time),Sun Feb 15 2026 20:42:31 GMT+0000 (Coordinated Universal Time),Sat Feb 21 2026 14:18:47 GMT+0000 (Coordinated Universal Time),true,false,https://cdn.prod.website-files.com/696e3e2685bc773db82e3fca/69922fb4091aa7d00cde8f70_beginn%20des%20vergehens.jpg,18,,,,Sun Jun 01 2025 00:00:00 GMT+0000 (Coordinated Universal Time),200x200cm,,false
Bei Piacenza abends um 10,bei-piacenza-abends-um-10,696e3e261a55566a62dc5508,696e3e2685bc773db82e3fc9,69726420b565522afa2f6ce4,false,false,Thu Jan 22 2026 17:53:36 GMT+0000 (Coordinated Universal Time),Thu Feb 05 2026 21:52:52 GMT+0000 (Coordinated Universal Time),Mon Feb 09 2026 15:07:10 GMT+0000 (Coordinated Universal Time),false,false,https://cdn.prod.website-files.com/696e3e2685bc773db82e3fca/69726420b565522afa2f6cca_13-Bei-Piacenza-abends-um-10-I-Ol-Pigmente-auf-Leinwand-I-120-x140-I-2008-1-scaled.jpeg,54,,,,Mon Dec 31 2007 23:00:00 GMT+0000 (Coordinated Universal Time),120x140 cm,"Öl, Pigmente auf Leinwand",false
Blendung,blendung,696e3e261a55566a62dc5508,696e3e2685bc773db82e3fc9,697263f84c2b23f8a1f990de,false,false,Thu Jan 22 2026 17:52:56 GMT+0000 (Coordinated Universal Time),Thu Feb 05 2026 21:52:51 GMT+0000 (Coordinated Universal Time),Mon Feb 09 2026 15:07:10 GMT+0000 (Coordinated Universal Time),false,false,https://cdn.prod.website-files.com/696e3e2685bc773db82e3fca/697263f84c2b23f8a1f990da_04-Blendung-I-Ol-Pigmente-auf-Leinwand-I-100-x-120-I-2016.jpeg,46,,,,Thu Dec 31 2015 23:00:00 GMT+0000 (Coordinated Universal Time),100x120 cm,"Öl, Pigmente auf Leinwand",false
Brandmale der Erde,brandmale-der-erde,696e3e261a55566a62dc5508,696e3e2685bc773db82e3fc9,699227e1b317026334d78644,false,false,Sun Feb 15 2026 20:09:05 GMT+0000 (Coordinated Universal Time),Sun Feb 15 2026 20:09:08 GMT+0000 (Coordinated Universal Time),Sun Feb 15 2026 20:09:08 GMT+0000 (Coordinated Universal Time),false,false,https://cdn.prod.website-files.com/696e3e2685bc773db82e3fca/699227c04227ec41906ebccc_03-Brandmale%20der%20Erde%20I%20Pigmente%2C%20O%CC%88l%2C%20Acryl%20I%20160x%20140%20I%202024.jpg,,,,,Mon Jan 01 2024 00:00:00 GMT+0000 (Coordinated Universal Time),160x 140,"Pigmente, Öl, Acryl",false
Combat Quotidien,combat-quotidien,696e3e261a55566a62dc5508,696e3e2685bc773db82e3fc9,697263fe266bc839c9b9375d,false,false,Thu Jan 22 2026 17:53:02 GMT+0000 (Coordinated Universal Time),Thu Feb 05 2026 21:52:51 GMT+0000 (Coordinated Universal Time),Mon Feb 09 2026 15:07:10 GMT+0000 (Coordinated Universal Time),false,false,https://cdn.prod.website-files.com/696e3e2685bc773db82e3fca/697263fe266bc839c9b93759_07-combat-quotidien-I-Pigmnte-Ol-auf-Leinwand-I-2016-scaled.jpeg,50,,,,Thu Dec 31 2015 23:00:00 GMT+0000 (Coordinated Universal Time),N/A,"Pigmente, Öl auf Leinwand",false
Cork,cork,696e3e261a55566a62dc5508,696e3e2685bc773db82e3fc9,697264014fefe155a44d015f,false,false,Thu Jan 22 2026 17:53:05 GMT+0000 (Coordinated Universal Time),Thu Feb 05 2026 21:52:51 GMT+0000 (Coordinated Universal Time),Mon Feb 09 2026 15:07:10 GMT+0000 (Coordinated Universal Time),false,false,https://cdn.prod.website-files.com/696e3e2685bc773db82e3fca/697264014fefe155a44d0140_08-Cork-I-Ol-Pigmente-Acryl-auf-leinwand-I-100-x120-I-2016.jpeg,39,,,,Thu Dec 31 2015 23:00:00 GMT+0000 (Coordinated Universal Time),100x120 cm,"Öl, Pigmente, Acryl auf Leinwand",false
Das was bleibt,das-was-bleibt,696e3e261a55566a62dc5508,696e3e2685bc773db82e3fc9,6972637192a2a70c641b7dc6,false,false,Thu Jan 22 2026 17:50:41 GMT+0000 (Coordinated Universal Time),Thu Feb 05 2026 21:52:51 GMT+0000 (Coordinated Universal Time),Mon Feb 09 2026 15:07:10 GMT+0000 (Coordinated Universal Time),false,false,https://cdn.prod.website-files.com/696e3e2685bc773db82e3fca/69726331f4311c732099c242_04-daswas-bleibt-IOlPigmente-Acryl-auf-HolzI50x60I2024.jpeg,5,,,,Sun Dec 31 2023 23:00:00 GMT+0000 (Coordinated Universal Time),50x60 cm,"Öl, Pigmente, Acryl auf Holz",false
Dazwischen,dazwischen,696e3e261a55566a62dc5508,696e3e2685bc773db82e3fc9,697263f2170224dcffc9f9ed,false,false,Thu Jan 22 2026 17:52:50 GMT+0000 (Coordinated Universal Time),Thu Feb 05 2026 21:52:52 GMT+0000 (Coordinated Universal Time),Mon Feb 09 2026 15:07:10 GMT+0000 (Coordinated Universal Time),false,false,https://cdn.prod.website-files.com/696e3e2685bc773db82e3fca/697263f2170224dcffc9f9e9_02-Dazwischen-I-Mischtechnik-I-100-x100-I-2016-01.jpeg,42,,,,Thu Dec 31 2015 23:00:00 GMT+0000 (Coordinated Universal Time),100x100 cm,Mischtechnik,false
Der Denker,der-denker,696e3e261a55566a62dc5508,696e3e2685bc773db82e3fc9,6972643433c31ee3d654d68d,false,false,Thu Jan 22 2026 17:53:56 GMT+0000 (Coordinated Universal Time),Thu Feb 05 2026 21:52:52 GMT+0000 (Coordinated Universal Time),Mon Feb 09 2026 15:07:10 GMT+0000 (Coordinated Universal Time),false,false,https://cdn.prod.website-files.com/696e3e2685bc773db82e3fca/6972643433c31ee3d654d689_21-Der-DenkerI-KreideTempera-auf-Leinwand-I80-x100-I-1996-1-scaled.jpeg,81,,,,Sun Dec 31 1995 23:00:00 GMT+0000 (Coordinated Universal Time),80x100 cm,"Kreide, Tempera auf Leinwand",false
Der Horizont verblasst,der-horizont-verblasst,696e3e261a55566a62dc5508,696e3e2685bc773db82e3fc9,697263f5d5abdc69b2ed79d9,false,false,Thu Jan 22 2026 17:52:53 GMT+0000 (Coordinated Universal Time),Thu Feb 05 2026 21:52:51 GMT+0000 (Coordinated Universal Time),Mon Feb 09 2026 15:07:10 GMT+0000 (Coordinated Universal Time),false,false,https://cdn.prod.website-files.com/696e3e2685bc773db82e3fca/697263f4d5abdc69b2ed79cf_03-Der-Horizont-verblasst-I-Ol-Tempera-Pigmente-I-100-x-100-I-2016-2.jpeg,43,,,,Thu Dec 31 2015 23:00:00 GMT+0000 (Coordinated Universal Time),100x100 cm,"Öl, Tempera, Pigmente",false
Distanz,distanz,696e3e261a55566a62dc5508,696e3e2685bc773db82e3fc9,697263ac688fdd03218133dc,false,false,Thu Jan 22 2026 17:51:40 GMT+0000 (Coordinated Universal Time),Thu Feb 05 2026 21:52:51 GMT+0000 (Coordinated Universal Time),Mon Feb 09 2026 15:07:10 GMT+0000 (Coordinated Universal Time),false,false,https://cdn.prod.website-files.com/696e3e2685bc773db82e3fca/697263ac688fdd03218133c6_03-DistanzI-PastellkreideIKohleAcryl-auf-LeinwandI120x140I2021.jpeg,64,,,,Thu Dec 31 2020 23:00:00 GMT+0000 (Coordinated Universal Time),120x140 cm,"Pastellkreide, Kohle, Acryl auf Leinwand",false
Dolomiten,dolomiten,696e3e261a55566a62dc5508,696e3e2685bc773db82e3fc9,697263e74c2b23f8a1f98ccb,false,false,Thu Jan 22 2026 17:52:39 GMT+0000 (Coordinated Universal Time),Thu Feb 05 2026 21:52:52 GMT+0000 (Coordinated Universal Time),Mon Feb 09 2026 15:07:10 GMT+0000 (Coordinated Universal Time),false,false,https://cdn.prod.website-files.com/696e3e2685bc773db82e3fca/697263e74c2b23f8a1f98cc7_04-Dolomiten-I-PigmenteAcryl-auf-Leinwand-I-120x140-I-2017-1.jpeg,72,,,,Sat Dec 31 2016 23:00:00 GMT+0000 (Coordinated Universal Time),120x140 cm,"Pigmente, Acryl auf Leinwand",false
Eichenrinde,eichenrinde,696e3e261a55566a62dc5508,696e3e2685bc773db82e3fc9,697263ee266bc839c9b9325e,false,false,Thu Jan 22 2026 17:52:46 GMT+0000 (Coordinated Universal Time),Thu Feb 05 2026 21:52:51 GMT+0000 (Coordinated Universal Time),Mon Feb 09 2026 15:07:10 GMT+0000 (Coordinated Universal Time),false,false,https://cdn.prod.website-files.com/696e3e2685bc773db82e3fca/697263ee266bc839c9b9325a_07-Eichenrinde-I-PigmenteOl-Termpera-I-140-x120-I-2017-1-scaled.jpeg,76,,,,Sat Dec 31 2016 23:00:00 GMT+0000 (Coordinated Universal Time),140x120 cm,"Pigmente, Öl, Tempera",false
Eine Hand voll Asche,eine-hand-voll-asche,696e3e261a55566a62dc5508,696e3e2685bc773db82e3fc9,6972642933c31ee3d654c6a4,false,false,Thu Jan 22 2026 17:53:45 GMT+0000 (Coordinated Universal Time),Thu Feb 05 2026 21:52:51 GMT+0000 (Coordinated Universal Time),Mon Feb 09 2026 15:07:10 GMT+0000 (Coordinated Universal Time),false,false,https://cdn.prod.website-files.com/696e3e2685bc773db82e3fca/6972642833c31ee3d654c679_17-Eine-Hand-voll-Asche-I-Pigmente-Acryl-auf-leinwaqnd-I-120-x140-I-2008-1-scaled.jpeg,58,,,,Mon Dec 31 2007 23:00:00 GMT+0000 (Coordinated Universal Time),120x140 cm,"Pigmente, Acryl auf Leinwand",false
Evening Glow Sardinien,evening-glow-sardinien,696e3e261a55566a62dc5508,696e3e2685bc773db82e3fc9,697263bd04d369838dadce18,false,false,Thu Jan 22 2026 17:51:57 GMT+0000 (Coordinated Universal Time),Thu Feb 05 2026 21:52:51 GMT+0000 (Coordinated Universal Time),Mon Feb 09 2026 15:07:10 GMT+0000 (Coordinated Universal Time),false,false,https://cdn.prod.website-files.com/696e3e2685bc773db82e3fca/697263bd04d369838dadce14_01-evening-glowSardinienIOlPigmente-auf-leinwand-II98I98I98I98I98I98I98I981I9840x120I2019-2.jpeg,6,,,,Mon Dec 31 2018 23:00:00 GMT+0000 (Coordinated Universal Time),40x120 cm,"Öl, Pigmente auf Leinwand",false
Fase,fase,696e3e261a55566a62dc5508,696e3e2685bc773db82e3fc9,69726409e39d4b840d3a740d,false,true,Thu Jan 22 2026 17:53:13 GMT+0000 (Coordinated Universal Time),Sun Feb 15 2026 19:59:40 GMT+0000 (Coordinated Universal Time),,false,false,https://cdn.prod.website-files.com/696e3e2685bc773db82e3fca/69726409e39d4b840d3a7409_02-Fase-I-Ol-Pigmente-Acryl-auf-Leinwand-I-120-x140-I-2009-1-scaled.jpeg,64,,,,Wed Dec 31 2008 23:00:00 GMT+0000 (Coordinated Universal Time),120x140 cm,"Öl, Pigmente, Acryl auf Leinwand",false
Fragilität,fragilitat,696e3e261a55566a62dc5508,696e3e2685bc773db82e3fc9,697263a9206a2ef29d924fd5,false,false,Thu Jan 22 2026 17:51:37 GMT+0000 (Coordinated Universal Time),Thu Feb 05 2026 21:52:51 GMT+0000 (Coordinated Universal Time),Mon Feb 09 2026 15:07:10 GMT+0000 (Coordinated Universal Time),false,false,https://cdn.prod.website-files.com/696e3e2685bc773db82e3fca/697263a9206a2ef29d924fd1_02-FragilitatIOlAcyl-auf-LeinwandI120x140I2021-Kopie-scaled.jpeg,24,,,,Thu Dec 31 2020 23:00:00 GMT+0000 (Coordinated Universal Time),120x140 cm,"Öl, Acryl auf Leinwand",false
From Distance,from-distance,696e3e261a55566a62dc5508,696e3e2685bc773db82e3fc9,697263aff4311c732099e70f,false,false,Thu Jan 22 2026 17:51:43 GMT+0000 (Coordinated Universal Time),Thu Feb 05 2026 21:52:52 GMT+0000 (Coordinated Universal Time),Mon Feb 09 2026 15:07:10 GMT+0000 (Coordinated Universal Time),false,false,https://cdn.prod.website-files.com/696e3e2685bc773db82e3fca/697263aef4311c732099e70a_04-from-distance-I-PastellkreideTempera-auf-leinwand-I100x120-I-2021-scaled.jpeg,65,,,,Thu Dec 31 2020 23:00:00 GMT+0000 (Coordinated Universal Time),100x120 cm,"Pastellkreide, Tempera auf Leinwand",false
Gleichwert,gleichwert,696e3e261a55566a62dc5508,696e3e2685bc773db82e3fc9,6972637609a9d2334382e47d,false,false,Thu Jan 22 2026 17:50:46 GMT+0000 (Coordinated Universal Time),Thu Feb 05 2026 21:52:51 GMT+0000 (Coordinated Universal Time),Mon Feb 09 2026 15:07:10 GMT+0000 (Coordinated Universal Time),false,false,https://cdn.prod.website-files.com/696e3e2685bc773db82e3fca/6972633492a2a70c641b546e_07-GleichwertIPigmenteAcryl-Ol-auf-LeinwandI-120-x140-I2024-scaled.jpeg,36,,,,Sun Dec 31 2023 23:00:00 GMT+0000 (Coordinated Universal Time),120x140 cm,"Pigmente, Acryl, Öl auf Leinwand",false
Godafoss,godafoss,696e3e261a55566a62dc5508,696e3e2685bc773db82e3fc9,697263eb92a2a70c641be112,false,false,Thu Jan 22 2026 17:52:43 GMT+0000 (Coordinated Universal Time),Thu Feb 05 2026 21:52:51 GMT+0000 (Coordinated Universal Time),Mon Feb 09 2026 15:07:10 GMT+0000 (Coordinated Universal Time),false,false,https://cdn.prod.website-files.com/696e3e2685bc773db82e3fca/697263eb92a2a70c641be10e_06-Godafoss-I-PigmenteOl-auf-leinwand-I-100-x120-I-2017-1-scaled.jpeg,74,,,,Sat Dec 31 2016 23:00:00 GMT+0000 (Coordinated Universal Time),100x120 cm,"Pigmente, Öl auf Leinwand",false
Grendill,grendill,696e3e261a55566a62dc5508,696e3e2685bc773db82e3fc9,697263e5688fdd0321815466,false,false,Thu Jan 22 2026 17:52:37 GMT+0000 (Coordinated Universal Time),Thu Feb 05 2026 21:52:51 GMT+0000 (Coordinated Universal Time),Mon Feb 09 2026 15:07:10 GMT+0000 (Coordinated Universal Time),false,false,https://cdn.prod.website-files.com/696e3e2685bc773db82e3fca/697263e4688fdd032181544e_03-Grendill-I-Pigmente-Ol-auf-Leinwand-I-120-x100-I-2018-1-scaled.jpeg,68,,,,Sun Dec 31 2017 23:00:00 GMT+0000 (Coordinated Universal Time),120x100 cm,"Pigmente, Öl auf Leinwand",false
Growth,growth,696e3e261a55566a62dc5508,696e3e2685bc773db82e3fc9,6972637333c31ee3d654562a,false,false,Thu Jan 22 2026 17:50:43 GMT+0000 (Coordinated Universal Time),Thu Feb 05 2026 21:52:51 GMT+0000 (Coordinated Universal Time),Mon Feb 09 2026 15:07:10 GMT+0000 (Coordinated Universal Time),false,false,https://cdn.prod.website-files.com/696e3e2685bc773db82e3fca/69726332a5ea88f7db7a2881_05-growth-I-PigmenteAcrylOl-auf-Leinwand-I-50x60-I-2024.jpeg,1,,,,Sun Dec 31 2023 23:00:00 GMT+0000 (Coordinated Universal Time),50x60 cm,"Pigmente, Acryl, Öl auf Leinwand",false
Grüner Küstenstreifen Island,gruner-kustenstreifen-island,696e3e261a55566a62dc5508,696e3e2685bc773db82e3fc9,6972640c26cdb3ac31042f97,false,false,Thu Jan 22 2026 17:53:16 GMT+0000 (Coordinated Universal Time),Thu Feb 05 2026 21:52:51 GMT+0000 (Coordinated Universal Time),Mon Feb 09 2026 15:07:10 GMT+0000 (Coordinated Universal Time),false,false,https://cdn.prod.website-files.com/696e3e2685bc773db82e3fca/6972640c26cdb3ac31042f93_05-gruner-Kustenstreifen-Island-I-Pigmente-Ol-Acrl-auf-Holz-I-80-x60-I-2010-1-scaled.jpeg,32,,,,Thu Dec 31 2009 23:00:00 GMT+0000 (Coordinated Universal Time),80x60 cm,"Pigmente, Öl, Acryl auf Holz",false
Hafen,hafen,696e3e261a55566a62dc5508,696e3e2685bc773db82e3fc9,6972639a206a2ef29d9248f1,true,false,Thu Jan 22 2026 17:51:22 GMT+0000 (Coordinated Universal Time),Sat Feb 21 2026 14:24:28 GMT+0000 (Coordinated Universal Time),,false,false,https://cdn.prod.website-files.com/696e3e2685bc773db82e3fca/69726355e39d4b840d3a585b_01-Hafen-IOlPigmente-auf-leinwand-I180x140I2022-Kopie-scaled.jpeg,,,,,Fri Dec 31 2021 23:00:00 GMT+0000 (Coordinated Universal Time),180x140 cm,"Öl, Pigmente auf Leinwand",false
Horizont IV,horizont-iv,696e3e261a55566a62dc5508,696e3e2685bc773db82e3fc9,6972641792a2a70c641c0759,false,false,Thu Jan 22 2026 17:53:27 GMT+0000 (Coordinated Universal Time),Thu Feb 05 2026 21:52:51 GMT+0000 (Coordinated Universal Time),Mon Feb 09 2026 15:07:10 GMT+0000 (Coordinated Universal Time),false,false,https://cdn.prod.website-files.com/696e3e2685bc773db82e3fca/6972641692a2a70c641c073d_09-HorizontIV-I-Ol-Tempera-auf-Leinwand-I-80-x100-I-2009-1-scaled.jpeg,41,,,,Wed Dec 31 2008 23:00:00 GMT+0000 (Coordinated Universal Time),80x100 cm,"Öl, Tempera auf Leinwand",false
Horizont leicht über der Grasnarbe,horizont-leicht-uber-der-grasnarbe,696e3e261a55566a62dc5508,696e3e2685bc773db82e3fc9,6972640f170224dcffca0673,false,false,Thu Jan 22 2026 17:53:19 GMT+0000 (Coordinated Universal Time),Thu Feb 05 2026 21:52:52 GMT+0000 (Coordinated Universal Time),Mon Feb 09 2026 15:07:10 GMT+0000 (Coordinated Universal Time),false,false,https://cdn.prod.website-files.com/696e3e2685bc773db82e3fca/6972640f170224dcffca066f_06-Horizont-leicht-uber-der-GrasnarbeI-Ol-Pigmente-Acrl-I-100-x100-I-2009-1.jpeg,53,,,,Wed Dec 31 2008 23:00:00 GMT+0000 (Coordinated Universal Time),100x100 cm,"Öl, Pigmente, Acryl",false
Horizonte II,horizonte-ii,696e3e261a55566a62dc5508,696e3e2685bc773db82e3fc9,69726413b565522afa2f65ec,false,false,Thu Jan 22 2026 17:53:23 GMT+0000 (Coordinated Universal Time),Thu Feb 05 2026 21:52:51 GMT+0000 (Coordinated Universal Time),Mon Feb 09 2026 15:07:10 GMT+0000 (Coordinated Universal Time),false,false,https://cdn.prod.website-files.com/696e3e2685bc773db82e3fca/69726413b565522afa2f65e3_08-Horizonte-II-Ol-Pigmente-Acryl-I-100-x100-I-2008-1.jpeg,52,,,,Mon Dec 31 2007 23:00:00 GMT+0000 (Coordinated Universal Time),100x100 cm,"Öl, Pigmente, Acryl",false
Horizonte IV,horizonte-iv,696e3e261a55566a62dc5508,696e3e2685bc773db82e3fc9,69726406b565522afa2f5fd0,false,false,Thu Jan 22 2026 17:53:10 GMT+0000 (Coordinated Universal Time),Thu Feb 05 2026 21:52:51 GMT+0000 (Coordinated Universal Time),Mon Feb 09 2026 15:07:10 GMT+0000 (Coordinated Universal Time),false,false,https://cdn.prod.website-files.com/696e3e2685bc773db82e3fca/69726406b565522afa2f5fbd_01-Horizonte-IV-I-Ol-Pigmente-auf-Leinwand-I-140-x-160-I-2008-1-scaled.jpeg,,,,,Mon Dec 31 2007 23:00:00 GMT+0000 (Coordinated Universal Time),140x160 cm,"Öl, Pigmente auf Leinwand",false
Im Einklang,im-einklang,696e3e261a55566a62dc5508,696e3e2685bc773db82e3fc9,6972636eafa33d42ae0b86be,false,false,Thu Jan 22 2026 17:50:38 GMT+0000 (Coordinated Universal Time),Thu Feb 05 2026 21:52:51 GMT+0000 (Coordinated Universal Time),Mon Feb 09 2026 15:07:10 GMT+0000 (Coordinated Universal Time),false,false,https://cdn.prod.website-files.com/696e3e2685bc773db82e3fca/6972632f1a1ff993c5f39317_03-im-EinklangIOl-Acryl-auf-holzI50x60-I2024.jpeg,2,,,,Sun Dec 31 2023 23:00:00 GMT+0000 (Coordinated Universal Time),50x60 cm,"Öl, Acryl auf Holz",false
Im Einklang der Zeit,im-einklang-der-zeit,696e3e261a55566a62dc5508,696e3e2685bc773db82e3fc9,6992281a7e8630683cc7765b,false,false,Sun Feb 15 2026 20:10:02 GMT+0000 (Coordinated Universal Time),Sun Feb 15 2026 20:12:03 GMT+0000 (Coordinated Universal Time),Sun Feb 15 2026 20:12:45 GMT+0000 (Coordinated Universal Time),false,false,https://cdn.prod.website-files.com/696e3e2685bc773db82e3fca/6992288e2f654bc83428bb6f_07-im%20Einklang%20der%20zeitI%20O%CC%88l%2CPigmente%20auf%20Leinwand%20I%2060x80%20mit%20Rahmen%20I%202025.jpg,,,,,Wed Jan 01 2025 00:00:00 GMT+0000 (Coordinated Universal Time),60x80,"Öl, Pigmente auf Leinwand",false
In Sehnsucht nach,in-sehnsucht-nach,696e3e261a55566a62dc5508,696e3e2685bc773db82e3fc9,697263a27f06400037965389,false,false,Thu Jan 22 2026 17:51:30 GMT+0000 (Coordinated Universal Time),Thu Feb 05 2026 21:52:51 GMT+0000 (Coordinated Universal Time),Mon Feb 09 2026 15:07:10 GMT+0000 (Coordinated Universal Time),false,false,https://cdn.prod.website-files.com/696e3e2685bc773db82e3fca/6972635b0d8d9d09105bf7d9_04-in-Sehnsucht-nachI-OlPigmenteAcryl-I140x160-I-2022-scaled.jpeg,27,,,,Fri Dec 31 2021 23:00:00 GMT+0000 (Coordinated Universal Time),140x160 cm,"Öl, Pigmente, Acryl",false
Irgendwo in Irland,irgendwo-in-irland,696e3e261a55566a62dc5508,696e3e2685bc773db82e3fc9,6972640433c31ee3d6549edd,false,false,Thu Jan 22 2026 17:53:08 GMT+0000 (Coordinated Universal Time),Thu Feb 05 2026 21:52:51 GMT+0000 (Coordinated Universal Time),Mon Feb 09 2026 15:07:10 GMT+0000 (Coordinated Universal Time),false,false,https://cdn.prod.website-files.com/696e3e2685bc773db82e3fca/6972640333c31ee3d6549eb6_09-irgendwo-in-IrlandI-Mischtechnik-I-100x100-I-2015.jpeg,40,,,,Wed Dec 31 2014 23:00:00 GMT+0000 (Coordinated Universal Time),100x100 cm,Mischtechnik,false
Januar in Akadien,januar-in-akadien,696e3e261a55566a62dc5508,696e3e2685bc773db82e3fc9,697263fc04d369838dade243,false,false,Thu Jan 22 2026 17:53:00 GMT+0000 (Coordinated Universal Time),Thu Feb 05 2026 21:52:52 GMT+0000 (Coordinated Universal Time),Mon Feb 09 2026 15:07:10 GMT+0000 (Coordinated Universal Time),false,false,https://cdn.prod.website-files.com/696e3e2685bc773db82e3fca/697263fc04d369838dade23f_06-Januar-in-Akadien-I-Ol-Pigmnte-auf-Leinwand-I-60-x50-I-2016.jpeg,49,,,,Thu Dec 31 2015 23:00:00 GMT+0000 (Coordinated Universal Time),60x50 cm,"Öl, Pigmente auf Leinwand",false
Kenntnis,kenntnis,696e3e261a55566a62dc5508,696e3e2685bc773db82e3fc9,6972639d448b8dfb4fdd7f04,false,false,Thu Jan 22 2026 17:51:25 GMT+0000 (Coordinated Universal Time),Thu Feb 05 2026 21:52:51 GMT+0000 (Coordinated Universal Time),Mon Feb 09 2026 15:07:10 GMT+0000 (Coordinated Universal Time),false,false,https://cdn.prod.website-files.com/696e3e2685bc773db82e3fca/69726357afa33d42ae0b7b47_02-KenntnisIOlPigmente-auf-LeinwandI150x130I2022-scaled.jpeg,28,,,,Fri Dec 31 2021 23:00:00 GMT+0000 (Coordinated Universal Time),150x130 cm,"Öl, Pigmente auf Leinwand",false
Kontinente,kontinente,696e3e261a55566a62dc5508,696e3e2685bc773db82e3fc9,697263d3206a2ef29d925ddf,true,false,Thu Jan 22 2026 17:52:19 GMT+0000 (Coordinated Universal Time),Sat Feb 21 2026 14:24:52 GMT+0000 (Coordinated Universal Time),,false,false,https://cdn.prod.website-files.com/696e3e2685bc773db82e3fca/697263d3206a2ef29d925ddb_04-kontinente-I-Acryl-Ol-auf-leinwand-I-140-x-160-I-2018-scaled.jpeg,,,,,Sun Dec 31 2017 23:00:00 GMT+0000 (Coordinated Universal Time),140x160 cm,"Acryl, Öl auf Leinwand",false
Last Journey,last-journey,696e3e261a55566a62dc5508,696e3e2685bc773db82e3fc9,6972638f448b8dfb4fdd77bc,false,false,Thu Jan 22 2026 17:51:11 GMT+0000 (Coordinated Universal Time),Thu Feb 05 2026 21:52:51 GMT+0000 (Coordinated Universal Time),Mon Feb 09 2026 15:07:10 GMT+0000 (Coordinated Universal Time),false,false,https://cdn.prod.website-files.com/696e3e2685bc773db82e3fca/6972634ba5ea88f7db7a294d_06-last-journey-I-OlAcrylPigmente-auf-Leinwand-I-140x160-I2023sold-scaled.jpeg,33,,,,Sat Dec 31 2022 23:00:00 GMT+0000 (Coordinated Universal Time),140x160 cm,"Öl, Acryl, Pigmente auf Leinwand",false
Lauf,lauf,696e3e261a55566a62dc5508,696e3e2685bc773db82e3fc9,697264325d5a3474e57d6516,false,false,Thu Jan 22 2026 17:53:54 GMT+0000 (Coordinated Universal Time),Thu Feb 05 2026 21:52:51 GMT+0000 (Coordinated Universal Time),Mon Feb 09 2026 15:07:10 GMT+0000 (Coordinated Universal Time),false,false,https://cdn.prod.website-files.com/696e3e2685bc773db82e3fca/697264315d5a3474e57d6512_20-Lauf-I-Ol-Tempera-auf-leinwand-I-60-x-80-I-2010-1-scaled.jpeg,80,,,,Thu Dec 31 2009 23:00:00 GMT+0000 (Coordinated Universal Time),60x80 cm,"Öl, Tempera auf Leinwand",false
Lauf des Lebens,lauf-des-lebens,696e3e261a55566a62dc5508,696e3e2685bc773db82e3fc9,697624d9e121b472b59316e8,false,false,Sun Jan 25 2026 14:12:41 GMT+0000 (Coordinated Universal Time),Thu Feb 05 2026 21:52:52 GMT+0000 (Coordinated Universal Time),Mon Feb 09 2026 15:07:10 GMT+0000 (Coordinated Universal Time),false,false,https://cdn.prod.website-files.com/696e3e2685bc773db82e3fca/697624c964ed715437ac76ce_pm25-m%204-web.jpg,11,,,,Sat Feb 01 2025 00:00:00 GMT+0000 (Coordinated Universal Time),180x150cm,"Öl, Pigmente, Acryl auf Leinwand",false
Losgelöst vom Tag,losgelost-vom-tag,696e3e261a55566a62dc5508,696e3e2685bc773db82e3fc9,697263be8b44ec4a5c6a0d90,false,false,Thu Jan 22 2026 17:51:58 GMT+0000 (Coordinated Universal Time),Thu Feb 05 2026 21:52:51 GMT+0000 (Coordinated Universal Time),Mon Feb 09 2026 15:07:10 GMT+0000 (Coordinated Universal Time),false,false,https://cdn.prod.website-files.com/696e3e2685bc773db82e3fca/697263be8b44ec4a5c6a0d82_02-Losgelost-vom-Tag-I-Ol-auf-leinwand-I120x140-I-2019.jpeg,31,,,,Mon Dec 31 2018 23:00:00 GMT+0000 (Coordinated Universal Time),120x140 cm,Öl auf Leinwand,false
Membran,membran,696e3e261a55566a62dc5508,696e3e2685bc773db82e3fc9,697263a0f4311c732099df43,false,false,Thu Jan 22 2026 17:51:28 GMT+0000 (Coordinated Universal Time),Thu Feb 05 2026 21:52:51 GMT+0000 (Coordinated Universal Time),Mon Feb 09 2026 15:07:10 GMT+0000 (Coordinated Universal Time),false,false,https://cdn.prod.website-files.com/696e3e2685bc773db82e3fca/69726359e39d4b840d3a59b9_03-MembranIMischtechnikI40x160I2022-scaled.jpeg,29,,,,Fri Dec 31 2021 23:00:00 GMT+0000 (Coordinated Universal Time),40x160 cm,Mischtechnik,false
Mittendrin,mittendrin,696e3e261a55566a62dc5508,696e3e2685bc773db82e3fc9,697263fa206a2ef29d926671,true,false,Thu Jan 22 2026 17:52:58 GMT+0000 (Coordinated Universal Time),Sat Feb 21 2026 14:26:25 GMT+0000 (Coordinated Universal Time),,false,false,https://cdn.prod.website-files.com/696e3e2685bc773db82e3fca/697263fa206a2ef29d92666d_05-Mittendrin-I-Ol-Pigmente-Acryl-auf-leinwand-I-120-x-100-I-2016-scaled.jpeg,,,,,Thu Dec 31 2015 23:00:00 GMT+0000 (Coordinated Universal Time),120x100 cm,"Öl, Pigmente, Acryl auf Leinwand",false
Netzwerk,netzwerk,696e3e261a55566a62dc5508,696e3e2685bc773db82e3fc9,697263c38b44ec4a5c6a0ef9,true,true,Thu Jan 22 2026 17:52:03 GMT+0000 (Coordinated Universal Time),Sat Feb 21 2026 14:24:34 GMT+0000 (Coordinated Universal Time),,false,false,https://cdn.prod.website-files.com/696e3e2685bc773db82e3fca/697263c28b44ec4a5c6a0ef1_04-Netzwerk-I-Mischtechnik-I-140x120-I-2019-scaled.jpeg,,,,,Mon Dec 31 2018 23:00:00 GMT+0000 (Coordinated Universal Time),140x120 cm,Mischtechnik,false
Niederungen,niederungen,696e3e261a55566a62dc5508,696e3e2685bc773db82e3fc9,697263e93a7e8c6c4fc847c6,true,false,Thu Jan 22 2026 17:52:41 GMT+0000 (Coordinated Universal Time),Sat Feb 21 2026 14:24:58 GMT+0000 (Coordinated Universal Time),,false,false,https://cdn.prod.website-files.com/696e3e2685bc773db82e3fca/697263e93a7e8c6c4fc847c2_05-Bild-Niederungen-I-Ol-Tempera-auf-Leinwand-I-100-x-120-I-2017-2-1-scaled.jpeg,,,,,Sat Dec 31 2016 23:00:00 GMT+0000 (Coordinated Universal Time),100x120 cm,"Öl, Tempera auf Leinwand",false
Not to be forgotten,not-to-be-forgotten,696e3e261a55566a62dc5508,696e3e2685bc773db82e3fc9,69726369b565522afa2f2ea3,false,false,Thu Jan 22 2026 17:50:33 GMT+0000 (Coordinated Universal Time),Thu Feb 05 2026 21:52:51 GMT+0000 (Coordinated Universal Time),Mon Feb 09 2026 15:07:10 GMT+0000 (Coordinated Universal Time),false,false,https://cdn.prod.website-files.com/696e3e2685bc773db82e3fca/6972632ad5abdc69b2ed0f1a_01-nottobeforgotten-I-Acryl-Ol-Pigmente-auf-Leinwand-I220x160I-2024-scaled.jpeg,8,,,,Sun Dec 31 2023 23:00:00 GMT+0000 (Coordinated Universal Time),220x160 cm,"Acryl, Öl, Pigmente auf Leinwand",false
Nucleus,nucleus,696e3e261a55566a62dc5508,696e3e2685bc773db82e3fc9,69726379fc1c2abcdd3536df,false,false,Thu Jan 22 2026 17:50:49 GMT+0000 (Coordinated Universal Time),Thu Feb 05 2026 21:52:51 GMT+0000 (Coordinated Universal Time),Mon Feb 09 2026 15:07:10 GMT+0000 (Coordinated Universal Time),false,false,https://cdn.prod.website-files.com/696e3e2685bc773db82e3fca/69726337b7d5632c2a2e86cb_08-NucleusIOlAcryl-auf-leinwand-I-120-x140-I2024.jpeg,35,,,,Sun Dec 31 2023 23:00:00 GMT+0000 (Coordinated Universal Time),120x140 cm,"Öl, Acryl auf Leinwand",false
Nur einen Augenblick,nur-einen-augenblick,696e3e261a55566a62dc5508,696e3e2685bc773db82e3fc9,697264115d5a3474e57d5bec,false,false,Thu Jan 22 2026 17:53:21 GMT+0000 (Coordinated Universal Time),Thu Feb 05 2026 21:52:51 GMT+0000 (Coordinated Universal Time),Mon Feb 09 2026 15:07:10 GMT+0000 (Coordinated Universal Time),false,false,https://cdn.prod.website-files.com/696e3e2685bc773db82e3fca/697264115d5a3474e57d5be8_07-nur-einen-Augenblick-I-Pigmente-Tempera-Ol-auf-leinwand-I-100-x100-I-2008-1-scaled.jpeg,51,,,,Mon Dec 31 2007 23:00:00 GMT+0000 (Coordinated Universal Time),100x100 cm,"Pigmente, Tempera, Öl auf Leinwand",false
O.T.,o-t,696e3e261a55566a62dc5508,696e3e2685bc773db82e3fc9,697263de33c31ee3d654824a,false,false,Thu Jan 22 2026 17:52:30 GMT+0000 (Coordinated Universal Time),Thu Feb 05 2026 21:52:52 GMT+0000 (Coordinated Universal Time),Mon Feb 09 2026 15:07:10 GMT+0000 (Coordinated Universal Time),false,false,https://cdn.prod.website-files.com/696e3e2685bc773db82e3fca/697263dd33c31ee3d6548246_07-OT-I-Ol-PigmenteAcryl-auf-leinwand-I-120-x140-I-2018-scaled.jpeg,37,,,,Sun Dec 31 2017 23:00:00 GMT+0000 (Coordinated Universal Time),120x140 cm,"Öl, Pigmente, Acryl auf Leinwand",false
O.T.,o-t-ii,696e3e261a55566a62dc5508,696e3e2685bc773db82e3fc9,6975edcb49c87dc9ad075abe,false,false,Sun Jan 25 2026 10:17:47 GMT+0000 (Coordinated Universal Time),Thu Feb 05 2026 21:52:51 GMT+0000 (Coordinated Universal Time),Mon Feb 09 2026 15:07:10 GMT+0000 (Coordinated Universal Time),false,false,https://cdn.prod.website-files.com/696e3e2685bc773db82e3fca/6975edc780a64dd80d838140_pm25-o%2024-web.jpg,37,,,,Sun Jun 01 2025 00:00:00 GMT+0000 (Coordinated Universal Time),,"Öl, Pigmente, Acryl auf Leinwand",false
Ohne Titel,ohne-titel,696e3e261a55566a62dc5508,696e3e2685bc773db82e3fc9,697263d6688fdd0321814c66,false,true,Thu Jan 22 2026 17:52:22 GMT+0000 (Coordinated Universal Time),Sun Feb 15 2026 20:00:36 GMT+0000 (Coordinated Universal Time),,false,false,https://cdn.prod.website-files.com/696e3e2685bc773db82e3fca/697263d5688fdd0321814c4b_05-Ohne-Titel-I-OlPigmente-auf-Leinwand-I-120x140-I-2018-scaled.jpeg,57,,,,Sun Dec 31 2017 23:00:00 GMT+0000 (Coordinated Universal Time),120x140 cm,"Öl, Pigmente auf Leinwand",false
Ohne Titel,ohne-titel-129e9,696e3e261a55566a62dc5508,696e3e2685bc773db82e3fc9,6972642604d369838dadeb98,false,false,Thu Jan 22 2026 17:53:42 GMT+0000 (Coordinated Universal Time),Thu Feb 05 2026 21:52:51 GMT+0000 (Coordinated Universal Time),Mon Feb 09 2026 15:07:10 GMT+0000 (Coordinated Universal Time),false,false,https://cdn.prod.website-files.com/696e3e2685bc773db82e3fca/6972642604d369838dadeb94_16-Ohne-Titel-I-Ol-Pigmente-Acryl-auf-leinwand-I-120-x140-I-2010-1-scaled.jpeg,57,,,,Thu Dec 31 2009 23:00:00 GMT+0000 (Coordinated Universal Time),120x140 cm,"Öl, Pigmente, Acryl auf Leinwand",false
Past,past,696e3e261a55566a62dc5508,696e3e2685bc773db82e3fc9,6975eddc0dd3332335c1e755,false,false,Sun Jan 25 2026 10:18:04 GMT+0000 (Coordinated Universal Time),Mon Mar 16 2026 21:47:02 GMT+0000 (Coordinated Universal Time),Mon Mar 16 2026 21:47:02 GMT+0000 (Coordinated Universal Time),false,false,https://cdn.prod.website-files.com/696e3e2685bc773db82e3fca/6975edd90ddc628c2ee4fc4f_pm25-o%2020-web.jpg,,,,,Sun Jun 01 2025 00:00:00 GMT+0000 (Coordinated Universal Time),160x40cm,"Acryl, Pigmente auf Leinwand",false
Piave,piave,696e3e261a55566a62dc5508,696e3e2685bc773db82e3fc9,697263b804d369838dadcda4,false,false,Thu Jan 22 2026 17:51:52 GMT+0000 (Coordinated Universal Time),Thu Feb 05 2026 21:52:51 GMT+0000 (Coordinated Universal Time),Mon Feb 09 2026 15:07:10 GMT+0000 (Coordinated Universal Time),false,false,https://cdn.prod.website-files.com/696e3e2685bc773db82e3fca/697263b804d369838dadcda0_04-PiaveIOlPigmenteAcryl-auf-Leinwand-I120x100I2020-scaled.jpeg,47,,,,Tue Dec 31 2019 23:00:00 GMT+0000 (Coordinated Universal Time),120x100 cm,"Öl, Pigmente, Acryl auf Leinwand",false
Piave,piave-mischtechnik,696e3e261a55566a62dc5508,696e3e2685bc773db82e3fc9,697263c58b44ec4a5c6a0f53,false,false,Thu Jan 22 2026 17:52:05 GMT+0000 (Coordinated Universal Time),Mon Mar 16 2026 21:47:14 GMT+0000 (Coordinated Universal Time),Mon Mar 16 2026 21:47:14 GMT+0000 (Coordinated Universal Time),false,false,https://cdn.prod.website-files.com/696e3e2685bc773db82e3fca/697263c58b44ec4a5c6a0f4f_05-Piave-I-Mischtechnik-I-160x140-I-2019jpg-scaled.jpeg,48,,,,Mon Dec 31 2018 23:00:00 GMT+0000 (Coordinated Universal Time),160x140 cm,Mischtechnik,false
Resonanz Körper,resonanz-korper,696e3e261a55566a62dc5508,696e3e2685bc773db82e3fc9,697263965d5a3474e57d3760,true,true,Thu Jan 22 2026 17:51:18 GMT+0000 (Coordinated Universal Time),Sat Feb 21 2026 14:24:19 GMT+0000 (Coordinated Universal Time),,false,false,https://cdn.prod.website-files.com/696e3e2685bc773db82e3fca/697263518b44ec4a5c69eadf_10-Resonanz-KorperIKreide-Ol-auf-LeinwandI-180x120-1.jpeg,,,,,Sat Dec 31 2022 23:00:00 GMT+0000 (Coordinated Universal Time),180x120 cm,"Kreide, Öl auf Leinwand",false
Rosewell New Mexico,rosewell-new-mexico,696e3e261a55566a62dc5508,696e3e2685bc773db82e3fc9,697263c08b44ec4a5c6a0e01,false,false,Thu Jan 22 2026 17:52:00 GMT+0000 (Coordinated Universal Time),Thu Feb 05 2026 21:52:51 GMT+0000 (Coordinated Universal Time),Mon Feb 09 2026 15:07:10 GMT+0000 (Coordinated Universal Time),false,false,https://cdn.prod.website-files.com/696e3e2685bc773db82e3fca/697263c08b44ec4a5c6a0def_03-Rosewell-New-Mexico-I-OlPigmente-auf-Leinwnand-I60-x140-I-20192019-scaled.jpeg,76,,,,Mon Dec 31 2018 23:00:00 GMT+0000 (Coordinated Universal Time),60x140 cm,"Öl, Pigmente auf Leinwand",false
Serata,serata,696e3e261a55566a62dc5508,696e3e2685bc773db82e3fc9,6972641e22a39f909cb41e64,false,false,Thu Jan 22 2026 17:53:34 GMT+0000 (Coordinated Universal Time),Thu Feb 05 2026 21:52:52 GMT+0000 (Coordinated Universal Time),Mon Feb 09 2026 15:07:10 GMT+0000 (Coordinated Universal Time),false,false,https://cdn.prod.website-files.com/696e3e2685bc773db82e3fca/6972641e22a39f909cb41e60_12-Serata-I-Ol-Pigmente-auf-leinwand-I-100-x-120-I-2007-1-scaled.jpeg,55,,,,Sun Dec 31 2006 23:00:00 GMT+0000 (Coordinated Universal Time),100x120 cm,"Öl, Pigmente auf Leinwand",false
Sezierung I - cuore,sezierung-i---cuore,696e3e261a55566a62dc5508,696e3e2685bc773db82e3fc9,6972637bad3db59708fe82ab,false,false,Thu Jan 22 2026 17:50:51 GMT+0000 (Coordinated Universal Time),Thu Feb 05 2026 21:52:51 GMT+0000 (Coordinated Universal Time),Mon Feb 09 2026 15:07:10 GMT+0000 (Coordinated Universal Time),false,false,https://cdn.prod.website-files.com/696e3e2685bc773db82e3fca/697263394fefe155a44c5af9_09-Sezierung-I-cuoreIAcryl-Ol-auf-PapierI-49x62I2024.jpeg,19,,,,Sun Dec 31 2023 23:00:00 GMT+0000 (Coordinated Universal Time),49x62 cm,"Acryl, Öl auf Papier",false
Sezierung II - occhio,sezierung-ii---occhio,696e3e261a55566a62dc5508,696e3e2685bc773db82e3fc9,6972637dfc1c2abcdd3537e2,false,false,Thu Jan 22 2026 17:50:53 GMT+0000 (Coordinated Universal Time),Thu Feb 05 2026 21:52:52 GMT+0000 (Coordinated Universal Time),Mon Feb 09 2026 15:07:10 GMT+0000 (Coordinated Universal Time),false,false,https://cdn.prod.website-files.com/696e3e2685bc773db82e3fca/697262471a1ff993c5f3643e_10-Sezierung-II-occhioIAcrl-Olauf-Papier-gerahmtI-49x62I2024.jpeg,20,,,,Sun Dec 31 2023 23:00:00 GMT+0000 (Coordinated Universal Time),49x62 cm,"Acryl, Öl auf Papier (gerahmt)",false
Sezierung III,sezierung-iii,696e3e261a55566a62dc5508,696e3e2685bc773db82e3fc9,69726382206a2ef29d924379,false,false,Thu Jan 22 2026 17:50:58 GMT+0000 (Coordinated Universal Time),Thu Feb 05 2026 21:52:51 GMT+0000 (Coordinated Universal Time),Mon Feb 09 2026 15:07:10 GMT+0000 (Coordinated Universal Time),false,false,https://cdn.prod.website-files.com/696e3e2685bc773db82e3fca/6972633f33c31ee3d654390f_12-Sezierung-III-Acryl-Ol-auf-Papier-I49x62I2024.jpeg,22,,,,Sun Dec 31 2023 23:00:00 GMT+0000 (Coordinated Universal Time),49x62 cm,"Acryl, Öl auf Papier",false
Sezierung IV - forza intera,sezierung-iv---forza-intera,696e3e261a55566a62dc5508,696e3e2685bc773db82e3fc9,6972637fad3db59708fe921a,false,false,Thu Jan 22 2026 17:50:55 GMT+0000 (Coordinated Universal Time),Thu Feb 05 2026 21:52:51 GMT+0000 (Coordinated Universal Time),Mon Feb 09 2026 15:07:10 GMT+0000 (Coordinated Universal Time),false,false,https://cdn.prod.website-files.com/696e3e2685bc773db82e3fca/6972633debd7a3445bfe3df9_11-Sezierung-IV-forza-interaI-AcrylOl-auf-papier-I-49x62-I2024tif.jpeg,21,,,,Sun Dec 31 2023 23:00:00 GMT+0000 (Coordinated Universal Time),49x62 cm,"Acryl, Öl auf Papier",false
Sezierung V,sezierung-v-08b08,696e3e261a55566a62dc5508,696e3e2685bc773db82e3fc9,69726384b7d5632c2a2e92fe,false,false,Thu Jan 22 2026 17:51:00 GMT+0000 (Coordinated Universal Time),Thu Feb 05 2026 21:52:51 GMT+0000 (Coordinated Universal Time),Mon Feb 09 2026 15:07:10 GMT+0000 (Coordinated Universal Time),false,false,https://cdn.prod.website-files.com/696e3e2685bc773db82e3fca/697263410d8d9d09105be904_14-Sezierun-V-Acryl-Ol-auf-Papier-aus-BesaluI100x144I2024.jpeg,23,,,,Sun Dec 31 2023 23:00:00 GMT+0000 (Coordinated Universal Time),100x144 cm,"Acryl, Öl auf Papier (aus Besalu)",false
Sicht in die Ferne,sicht-in-die-ferne,696e3e261a55566a62dc5508,696e3e2685bc773db82e3fc9,697263b1b565522afa2f4fd6,false,false,Thu Jan 22 2026 17:51:45 GMT+0000 (Coordinated Universal Time),Thu Feb 05 2026 21:52:51 GMT+0000 (Coordinated Universal Time),Mon Feb 09 2026 15:07:10 GMT+0000 (Coordinated Universal Time),false,false,https://cdn.prod.website-files.com/696e3e2685bc773db82e3fca/697263b1b565522afa2f4fd2_01-Sicht-in-die-FerneIOlAcryl-auf-LeinwandI100x120I2020-scaled.jpeg,78,,,,Tue Dec 31 2019 23:00:00 GMT+0000 (Coordinated Universal Time),100x120 cm,"Öl, Acryl auf Leinwand",false
Skyfall,skyfall,696e3e261a55566a62dc5508,696e3e2685bc773db82e3fc9,69726394206a2ef29d924672,false,false,Thu Jan 22 2026 17:51:16 GMT+0000 (Coordinated Universal Time),Thu Feb 05 2026 21:52:51 GMT+0000 (Coordinated Universal Time),Mon Feb 09 2026 15:07:10 GMT+0000 (Coordinated Universal Time),false,false,https://cdn.prod.website-files.com/696e3e2685bc773db82e3fca/6972634fe39d4b840d3a56c1_09-SkyfallIOlAcryl-auf-LeinwandI120x180I2023-scaled.jpeg,34,,,,Sat Dec 31 2022 23:00:00 GMT+0000 (Coordinated Universal Time),120x180 cm,"Öl, Acryl auf Leinwand",false
Sonnendreher,sonnendreher,696e3e261a55566a62dc5508,696e3e2685bc773db82e3fc9,6975edb5a2f86f21e1ae4268,false,false,Sun Jan 25 2026 10:17:25 GMT+0000 (Coordinated Universal Time),Thu Feb 05 2026 21:52:52 GMT+0000 (Coordinated Universal Time),Mon Feb 09 2026 15:07:10 GMT+0000 (Coordinated Universal Time),true,false,https://cdn.prod.website-files.com/696e3e2685bc773db82e3fca/6975edb14200b5d1826bad04_pm25-o%2016-web.jpg,,,,,Sun Jun 01 2025 00:00:00 GMT+0000 (Coordinated Universal Time),220x160cm,"Öl, Pigmente auf Leinwand",false
Sopra,sopra,696e3e261a55566a62dc5508,696e3e2685bc773db82e3fc9,697263b3a5ea88f7db7a3de6,false,false,Thu Jan 22 2026 17:51:47 GMT+0000 (Coordinated Universal Time),Thu Feb 05 2026 21:52:51 GMT+0000 (Coordinated Universal Time),Mon Feb 09 2026 15:07:10 GMT+0000 (Coordinated Universal Time),false,false,https://cdn.prod.website-files.com/696e3e2685bc773db82e3fca/697263b3a5ea88f7db7a3de2_02-sopraIOlAcryl-auf-leinwand-I100x100I2020-scaled.jpeg,70,,,,Tue Dec 31 2019 23:00:00 GMT+0000 (Coordinated Universal Time),100x100 cm,"Öl, Acryl auf Leinwand",false
Straight up,straight-up,696e3e261a55566a62dc5508,696e3e2685bc773db82e3fc9,697263a7a5ea88f7db7a393f,false,false,Thu Jan 22 2026 17:51:35 GMT+0000 (Coordinated Universal Time),Thu Feb 05 2026 21:52:51 GMT+0000 (Coordinated Universal Time),Mon Feb 09 2026 15:07:10 GMT+0000 (Coordinated Universal Time),false,false,https://cdn.prod.website-files.com/696e3e2685bc773db82e3fca/697263a7a5ea88f7db7a393b_01-straightupIAcrylOlIPigmenteI90x180I2021-scaled.jpeg,13,,,,Thu Dec 31 2020 23:00:00 GMT+0000 (Coordinated Universal Time),90x180 cm,"Acryl, Öl, Pigmente",false
Streckenlauf,streckenlauf,696e3e261a55566a62dc5508,696e3e2685bc773db82e3fc9,697263f04fefe155a44cf4af,false,false,Thu Jan 22 2026 17:52:48 GMT+0000 (Coordinated Universal Time),Thu Feb 05 2026 21:52:51 GMT+0000 (Coordinated Universal Time),Mon Feb 09 2026 15:07:10 GMT+0000 (Coordinated Universal Time),false,false,https://cdn.prod.website-files.com/696e3e2685bc773db82e3fca/697263f04fefe155a44cf4ab_01-Streckenlauf-I-Pigmente-Ol-auf-Leinwand-I-100-x-100-I-2016.jpeg,77,,,,Thu Dec 31 2015 23:00:00 GMT+0000 (Coordinated Universal Time),100x100 cm,"Pigmente, Öl auf Leinwand",false
Suche nach Heimat,suche-nach-heimat,696e3e261a55566a62dc5508,696e3e2685bc773db82e3fc9,69726392448b8dfb4fdd78c2,false,false,Thu Jan 22 2026 17:51:14 GMT+0000 (Coordinated Universal Time),Thu Feb 05 2026 21:52:51 GMT+0000 (Coordinated Universal Time),Mon Feb 09 2026 15:07:10 GMT+0000 (Coordinated Universal Time),false,false,https://cdn.prod.website-files.com/696e3e2685bc773db82e3fca/6972634d688fdd0321810c4e_07-Suche-nach-Heimat-IAcryOl-auf-LeinwandI140x160I2023l-scaled.jpeg,38,,,,Sat Dec 31 2022 23:00:00 GMT+0000 (Coordinated Universal Time),140x160 cm,"Acryl, Öl auf Leinwand",false
Systemriss,systemriss,696e3e261a55566a62dc5508,696e3e2685bc773db82e3fc9,697263c98b44ec4a5c6a11dc,true,false,Thu Jan 22 2026 17:52:09 GMT+0000 (Coordinated Universal Time),Sat Feb 21 2026 14:24:47 GMT+0000 (Coordinated Universal Time),,false,false,https://cdn.prod.website-files.com/696e3e2685bc773db82e3fca/697263c98b44ec4a5c6a11d8_07-systemriss-I-Mischtechnik-Metall-auf-leinwand-I140x120-I-2019.jpeg,,,,,Mon Dec 31 2018 23:00:00 GMT+0000 (Coordinated Universal Time),140x120 cm,"Mischtechnik, Metall auf Leinwand",false
Südisland,sudisland,696e3e261a55566a62dc5508,696e3e2685bc773db82e3fc9,697263e222a39f909cb3fdcd,false,false,Thu Jan 22 2026 17:52:34 GMT+0000 (Coordinated Universal Time),Thu Feb 05 2026 21:52:52 GMT+0000 (Coordinated Universal Time),Mon Feb 09 2026 15:07:10 GMT+0000 (Coordinated Universal Time),false,false,https://cdn.prod.website-files.com/696e3e2685bc773db82e3fca/697263e222a39f909cb3fdc7_02-Sudisland-I-OlTempera-Pigmente-auf-Leinwand-I-100-x120-I-2018-1-scaled.jpeg,69,,,,Sun Dec 31 2017 23:00:00 GMT+0000 (Coordinated Universal Time),100x120 cm,"Öl, Tempera, Pigmente auf Leinwand",false
Terra,terra,696e3e261a55566a62dc5508,696e3e2685bc773db82e3fc9,697263db206a2ef29d926090,false,false,Thu Jan 22 2026 17:52:27 GMT+0000 (Coordinated Universal Time),Thu Feb 05 2026 21:52:51 GMT+0000 (Coordinated Universal Time),Mon Feb 09 2026 15:07:10 GMT+0000 (Coordinated Universal Time),false,false,https://cdn.prod.website-files.com/696e3e2685bc773db82e3fca/697263db206a2ef29d92608c_06-Terra-I-Ol-Pigmente-auf-Leinwand-I-160-x140-I-2018-scaled.jpeg,62,,,,Sun Dec 31 2017 23:00:00 GMT+0000 (Coordinated Universal Time),160x140 cm,"Öl, Pigmente auf Leinwand",false
Toronto,toronto,696e3e261a55566a62dc5508,696e3e2685bc773db82e3fc9,697263cdd5abdc69b2ed64b0,false,false,Thu Jan 22 2026 17:52:13 GMT+0000 (Coordinated Universal Time),Thu Feb 05 2026 21:52:51 GMT+0000 (Coordinated Universal Time),Mon Feb 09 2026 15:07:10 GMT+0000 (Coordinated Universal Time),false,false,https://cdn.prod.website-files.com/696e3e2685bc773db82e3fca/697263cdd5abdc69b2ed64ac_02-Toronto-I-Acryl-Ol-auf-Leinwand-I-130-x150-I-2019-scaled.jpeg,25,,,,Mon Dec 31 2018 23:00:00 GMT+0000 (Coordinated Universal Time),130x150 cm,"Acryl, Öl auf Leinwand",false
Totally Now,totally-now,696e3e261a55566a62dc5508,696e3e2685bc773db82e3fc9,697263893a7e8c6c4fc83dce,false,false,Thu Jan 22 2026 17:51:05 GMT+0000 (Coordinated Universal Time),Thu Feb 05 2026 21:52:51 GMT+0000 (Coordinated Universal Time),Mon Feb 09 2026 15:07:10 GMT+0000 (Coordinated Universal Time),false,false,https://cdn.prod.website-files.com/696e3e2685bc773db82e3fca/697263440d8d9d09105bea4c_02-totally-nowIOl-Acryl-Pigmenteauf-LeinwandI-120x140I-2024.jpeg,30,,,,Sun Dec 31 2023 23:00:00 GMT+0000 (Coordinated Universal Time),120x140 cm,"Öl, Acryl, Pigmente auf Leinwand",false
Untitled,untiteled-3,696e3e261a55566a62dc5508,696e3e2685bc773db82e3fc9,69b860c69f60c281cccd30b5,false,false,Mon Mar 16 2026 19:57:58 GMT+0000 (Coordinated Universal Time),Mon Mar 16 2026 21:46:56 GMT+0000 (Coordinated Universal Time),Mon Mar 16 2026 21:46:56 GMT+0000 (Coordinated Universal Time),false,false,https://cdn.prod.website-files.com/696e3e2685bc773db82e3fca/69b860b92b3d2a28417c8ced_valeska%204.jpg,,,,,Sun Mar 01 2026 00:00:00 GMT+0000 (Coordinated Universal Time),,,true
Untitled,untiteled-4,696e3e261a55566a62dc5508,696e3e2685bc773db82e3fc9,69b8610e80bbb489cb28be9f,false,false,Mon Mar 16 2026 19:59:10 GMT+0000 (Coordinated Universal Time),Mon Mar 16 2026 21:46:50 GMT+0000 (Coordinated Universal Time),Mon Mar 16 2026 21:46:50 GMT+0000 (Coordinated Universal Time),false,false,https://cdn.prod.website-files.com/696e3e2685bc773db82e3fca/69b8610a2c7f2659ca1a0d7b_valeska%205.jpg,,,,,,,,true
Urknall,urknall,696e3e261a55566a62dc5508,696e3e2685bc773db82e3fc9,697263864fefe155a44c977a,false,false,Thu Jan 22 2026 17:51:02 GMT+0000 (Coordinated Universal Time),Thu Feb 05 2026 21:52:51 GMT+0000 (Coordinated Universal Time),Mon Feb 09 2026 15:07:10 GMT+0000 (Coordinated Universal Time),false,false,https://cdn.prod.website-files.com/696e3e2685bc773db82e3fca/69726343adba29a83e587ec4_01-Urknall-I-Ol-Acryl-Pigmente-auf-Leinwand-I250x250-I-2023.jpeg,12,,,,Sat Dec 31 2022 23:00:00 GMT+0000 (Coordinated Universal Time),250x250 cm,"Öl, Acryl, Pigmente auf Leinwand",false
Verbindlichkeit im Widerstand ,verbindlichkeit-im-widerstand,696e3e261a55566a62dc5508,696e3e2685bc773db82e3fc9,699227af6f659bcd5d729cfc,false,false,Sun Feb 15 2026 20:08:15 GMT+0000 (Coordinated Universal Time),Sun Feb 15 2026 20:08:20 GMT+0000 (Coordinated Universal Time),Sun Feb 15 2026 20:11:40 GMT+0000 (Coordinated Universal Time),false,false,https://cdn.prod.website-files.com/696e3e2685bc773db82e3fca/6992276f3f43fc8a8c18d5c4_02-Verbindlichkeit%20im%20widerstand%20I%20O%CC%88l%2C%20Pigmente%2C%20Acryl%20auf%20leinwand%20I%20160%20x140%20I2024tif.jpg,,,,,Mon Jan 01 2024 00:00:00 GMT+0000 (Coordinated Universal Time),160 x140,"Öl, Pigmente, Acryl auf Leinwand",false
Vergänglichkeit I,verganglichkeit-i,696e3e261a55566a62dc5508,696e3e2685bc773db82e3fc9,6975eda68ec4e4a809cdcf56,false,false,Sun Jan 25 2026 10:17:10 GMT+0000 (Coordinated Universal Time),Thu Feb 05 2026 21:52:52 GMT+0000 (Coordinated Universal Time),Mon Feb 09 2026 15:07:10 GMT+0000 (Coordinated Universal Time),true,false,https://cdn.prod.website-files.com/696e3e2685bc773db82e3fca/6975ed8b5a04a3b4051715a2_pm25-o%2032-web.jpg,16,,,,Sun Jun 01 2025 00:00:00 GMT+0000 (Coordinated Universal Time),150x180cm,,false
Vermessung der Zeit,vermessung-der-zeit,696e3e261a55566a62dc5508,696e3e2685bc773db82e3fc9,697263bb04d369838dadcdf6,false,false,Thu Jan 22 2026 17:51:55 GMT+0000 (Coordinated Universal Time),Thu Feb 05 2026 21:52:51 GMT+0000 (Coordinated Universal Time),Mon Feb 09 2026 15:07:10 GMT+0000 (Coordinated Universal Time),false,false,https://cdn.prod.website-files.com/696e3e2685bc773db82e3fca/697263bb04d369838dadcdf2_05-Vermessung-der-zeit-IAcrylPigmente-auf-leinwand-I140x160I2020-scaled.jpeg,26,,,,Tue Dec 31 2019 23:00:00 GMT+0000 (Coordinated Universal Time),140x160 cm,"Acryl, Pigmente auf Leinwand",false
Vernetzung,vernetzung,696e3e261a55566a62dc5508,696e3e2685bc773db82e3fc9,697263c73a7e8c6c4fc841d2,false,false,Thu Jan 22 2026 17:52:07 GMT+0000 (Coordinated Universal Time),Thu Feb 05 2026 21:52:51 GMT+0000 (Coordinated Universal Time),Mon Feb 09 2026 15:07:10 GMT+0000 (Coordinated Universal Time),false,false,https://cdn.prod.website-files.com/696e3e2685bc773db82e3fca/697263c73a7e8c6c4fc841ce_06-Vernetzung-I-Metall-PigmenteAcryl-auf-leinwand-I-100-x100-I-2019f.jpeg,63,,,,Mon Dec 31 2018 23:00:00 GMT+0000 (Coordinated Universal Time),100x100 cm,"Metall, Pigmente, Acryl auf Leinwand",false
Verortung,verortung,696e3e261a55566a62dc5508,696e3e2685bc773db82e3fc9,6992284c71ac4b4a1b190e25,false,false,Sun Feb 15 2026 20:10:52 GMT+0000 (Coordinated Universal Time),Sun Feb 15 2026 20:10:52 GMT+0000 (Coordinated Universal Time),Sun Feb 15 2026 20:10:52 GMT+0000 (Coordinated Universal Time),false,false,https://cdn.prod.website-files.com/696e3e2685bc773db82e3fca/699228360183aad0baca739b_VerortungI%20O%CC%88l%2CPigmente%20auf%20Leinwand%20I%2060x80%20mit%20Holzrahmen%20I%202025.jpg,,,,,Wed Jan 01 2025 00:00:00 GMT+0000 (Coordinated Universal Time),60x80," Öl,Pigmente auf Leinwand",false
Vertikaler Einfall,vertikaler-einfall,696e3e261a55566a62dc5508,696e3e2685bc773db82e3fc9,697264238b44ec4a5c6a3704,false,false,Thu Jan 22 2026 17:53:39 GMT+0000 (Coordinated Universal Time),Thu Feb 05 2026 21:52:52 GMT+0000 (Coordinated Universal Time),Mon Feb 09 2026 15:07:10 GMT+0000 (Coordinated Universal Time),false,false,https://cdn.prod.website-files.com/696e3e2685bc773db82e3fca/697264238b44ec4a5c6a3700_14-Vertikaler-Einfall-I-Tempera-Pigmente-Ol-auf-Leinwand-I-100-x120-I-2007-1-scaled.jpeg,60,,,,Sun Dec 31 2006 23:00:00 GMT+0000 (Coordinated Universal Time),100x120 cm,"Tempera, Pigmente, Öl auf Leinwand",false
Winter in Island,winter-in-island,696e3e261a55566a62dc5508,696e3e2685bc773db82e3fc9,697263e022a39f909cb3fc85,false,true,Thu Jan 22 2026 17:52:32 GMT+0000 (Coordinated Universal Time),Sun Feb 15 2026 20:01:22 GMT+0000 (Coordinated Universal Time),,false,false,https://cdn.prod.website-files.com/696e3e2685bc773db82e3fca/697263e022a39f909cb3fc81_01-winter-in-island-I-Tempera-Pigmente-auf-Leinwand-I-100-x100-I-2018-1-scaled.jpeg,44,,,,Sun Dec 31 2017 23:00:00 GMT+0000 (Coordinated Universal Time),100x100 cm,"Tempera, Pigmente auf Leinwand",false
Wohin die Welt,untiteled,696e3e261a55566a62dc5508,696e3e2685bc773db82e3fc9,6976299ef2851b3243b73f96,false,false,Sun Jan 25 2026 14:33:02 GMT+0000 (Coordinated Universal Time),Sun Feb 15 2026 20:13:21 GMT+0000 (Coordinated Universal Time),Sun Feb 15 2026 20:13:34 GMT+0000 (Coordinated Universal Time),false,false,https://cdn.prod.website-files.com/696e3e2685bc773db82e3fca/69762956248c608aadc25eb3_IMG_8968cropped-Wiederhergestellt.jpg,14,,,,Mon Jan 01 2024 00:00:00 GMT+0000 (Coordinated Universal Time),150X180,"Öl , Pigmente , Acryl",false
Wüste,wuste,696e3e261a55566a62dc5508,696e3e2685bc773db82e3fc9,697263d05d5a3474e57d4bbe,false,false,Thu Jan 22 2026 17:52:16 GMT+0000 (Coordinated Universal Time),Thu Feb 05 2026 21:52:51 GMT+0000 (Coordinated Universal Time),Mon Feb 09 2026 15:07:10 GMT+0000 (Coordinated Universal Time),false,false,https://cdn.prod.website-files.com/696e3e2685bc773db82e3fca/697263d05d5a3474e57d4bba_03-Wuste-I-PigmenteOl-Harz-auf-Leinwand-I-120x140-I2-018-scaled.jpeg,66,,,,Sun Dec 31 2017 23:00:00 GMT+0000 (Coordinated Universal Time),120x140 cm,"Pigmente, Öl, Harz auf Leinwand",false
Zeitgleich,zeitgleich,696e3e261a55566a62dc5508,696e3e2685bc773db82e3fc9,6972636b09a9d2334382e0e5,false,false,Thu Jan 22 2026 17:50:35 GMT+0000 (Coordinated Universal Time),Thu Feb 05 2026 21:52:52 GMT+0000 (Coordinated Universal Time),Mon Feb 09 2026 15:07:10 GMT+0000 (Coordinated Universal Time),false,false,https://cdn.prod.website-files.com/696e3e2685bc773db82e3fca/6972632c3a7e8c6c4fc823fb_02-zeitgleich-I-Pigmente-Ol-auf-Leinwand-I-220x160-I2024.jpeg,8,,,,Sun Dec 31 2023 23:00:00 GMT+0000 (Coordinated Universal Time),220x160 cm,"Pigmente, Öl auf Leinwand",false
